applicant_name,email,phone_no,job_role,match_score,reason
Kimberly Davis,kimberlydavis49@gmail.com,+1-902-7711,Data Scientist,80,"The candidate's CV presents strong alignment with the job description, indicating a good match for this role. Here's a breakdown of the evaluation:

**Strengths:**

* **Relevant Skills:**  The CV highlights the core skills required for Data Science (Python/Machine Learning, TensorFlow, PyTorch, Scikit-learn) directly matching the description's ""Data Science"" requirements.
* **Experience Alignment:** The candidate's experience as a Data Scientist at ABC Inc. directly demonstrates their ability to collect, analyze, and interpret large datasets - which is explicitly outlined in the job description for ""Data Analysis."" 
* **Machine Learning Expertise:**  Developing, implementing, and deploying machine learning models aligns with the job description's emphasis on developing predictive analytics solutions. 
* **Keywords:** The CV uses relevant keywords like ""Predictive Modeling,"" ""Data Science,"" ""Machine Learning"" to ensure a strong match in terms of search and resume review matching systems.

**Areas for Improvement:**

* **Specificity:** While experience is demonstrated, quantifying results (e.g., specific models built, impact on business outcomes) would further strengthen the connection between skills and job responsibilities.  
* **Programming Languages:** Mentioning specific languages besides Python and R (e.g., data manipulation languages like Pandas or Dplyr) could enhance technical depth. 
* **Project Descriptions:** Adding brief descriptions of projects related to predictive modeling, data analysis, or machine learning would further showcase skills and experience.
* **Visualization Tools:** While familiarity with Tableau/Power BI is mentioned, mentioning experience with specific tools within that category (e.g., ""Proficient in Tableau for interactive dashboards"") could be beneficial. 


**Conclusion:**

Overall, the CV demonstrates a strong match in terms of skillsets and experience relevant to this Data Science role. By incorporating quantifiable results and project details, the candidate's CV can further elevate their position as a prime candidate."
Kimberly Davis,kimberlydavis49@gmail.com,+1-902-7711,Product Manager,60,"While the candidate exhibits strong relevant experience and expertise in both data science and product management, their resume lacks direct alignment with specific requirements outlined in the job description.  

Here's a step-by-step analysis:

* **Skills:** The candidate possesses skills that are partially relevant, but not fully aligned with the ""Product Management"" role in the job description. 
    * Python & Machine Learning: Directly aligns with data science and predictive modeling, which may be applicable to some aspects of product development (e.g., A/B testing). However, the emphasis on these skills suggests a more data-driven approach rather than product management-specific expertise.  
    * TensorFlow, PyTorch, Scikit-learn: Demonstrates proficiency with machine learning tools but lacks direct application to product strategy and market analysis - key areas for the job description. 
* **Experience:**
    * Data Scientist (2019-2023):  Demonstrates experience in data science, which could be valuable for product development teams working on AI or data-driven products. However, there's a lack of specific examples highlighting leadership and decision-making skills crucial for ""Product Manager"" roles. 
    * Product Manager (2017-2021):  Highlights experience in product management.  However, the role focused more on general product development and launch rather than market research, analysis, or strategic planning as required by the job description. 
* **Keywords:** The candidate's resume uses keywords that could be relevant to data science and product management, but not necessarily specific to ""Product Manager"" tasks like:  ""product vision,"" ""roadmaps,"" ""market research,"" and ""user feedback."" This suggests a mismatch in the focus of their experience. 
* **Match:** The candidate's experience leans towards data-driven product development within a general product management context. While this offers some potential, the resume lacks direct alignment with specific skills and experiences needed for a Product Manager role according to the job description.  

**To increase the score**:
* Prioritize tailoring the resume to highlight relevant product management responsibilities and achievements using concrete examples. 
* Expand on past roles and quantify data-driven impact in relation to market research, analysis, and product development. 
* Focus more directly on showcasing skills aligned with specific ""Product Manager"" requirements as outlined in the job description (e.g., defining product vision & strategy, prioritizing features, roadmapping, market analysis, etc.)."
